name,company
hyundai santro xing xo erlx euro iii,hyundai
mahindra jeep cl550 mdi,mahindra
hyundai grand i10 magna 1.2 kappa vtvt,hyundai
ford ecosport titanium 1.5l tdci,ford
ford figo,ford
hyundai eon,hyundai
ford ecosport ambiente 1.5l tdci,ford
maruti suzuki alto k10 vxi amt,maruti
skoda fabia classic 1.2 mpi,skoda
maruti suzuki stingray vxi,maruti
hyundai elite i20 magna 1.2,hyundai
mahindra scorpio sle bs iv,mahindra
audi a8,audi
audi q7,audi
mahindra scorpio s10,mahindra
maruti suzuki alto 800,maruti
mahindra scorpio s10,mahindra
maruti suzuki alto 800 vxi,maruti
hyundai i20 sportz 1.2,hyundai
maruti suzuki alto 800 lx,maruti
maruti suzuki vitara brezza zdi,maruti
maruti suzuki alto lx,maruti
mahindra bolero di,mahindra
maruti suzuki swift dzire zdi,maruti
mahindra scorpio s10 4wd,mahindra
maruti suzuki swift vdi bsiii,maruti
maruti suzuki wagon r vxi bs iii,maruti
maruti suzuki wagon r vxi minor,maruti
toyota innova 2.0 g 8 str bs iv,toyota
renault lodgy 85 ps rxl,renault
skoda yeti ambition 2.0 tdi cr 4x2,skoda
maruti suzuki baleno delta 1.2,maruti
renault duster 110 ps rxz diesel plus,renault
renault duster 85 ps rxe diesel,renault
honda city 1.5 s mt,honda
maruti suzuki dzire,maruti
honda amaze,honda
honda amaze 1.5 sx i dtec,honda
honda city,honda
datsun redi go s,datsun
maruti suzuki sx4 zxi mt,maruti
mitsubishi pajero sport limited edition,mitsubishi
mahindra scorpio s10,mahindra
maruti suzuki swift vxi 1.2 abs bs iv,maruti
honda city zx cvt,honda
maruti suzuki wagon r lx bs iv,maruti
tata indigo ecs ls cr4 bs iv,tata
mahindra scorpio sle bs iv,mahindra
volkswagen polo highline exquisite p,volkswagen
chevrolet spark ls 1.0,chevrolet
renault duster 110ps diesel rxz,renault
honda city,honda
mini cooper s 1.6,mini
skoda fabia 1.2l diesel ambiente,skoda
honda amaze,honda
renault duster,renault
mini cooper s 1.6,mini
mahindra scorpio s4,mahindra
mahindra scorpio vlx 2wd bs iv,mahindra
mahindra quanto c8,mahindra
ford ecosport,ford
honda brio,honda
volkswagen vento highline plus 1.5 diesel at,volkswagen
hyundai i20 magna,hyundai
toyota corolla altis diesel d4dg,toyota
hyundai verna transform sx vtvt,hyundai
toyota corolla altis petrol ltd,toyota
honda city 1.5 exi new,honda
skoda fabia 1.2l diesel elegance,skoda
bmw 3 series 320i,bmw
maruti suzuki a star lxi,maruti
toyota etios gd,toyota
ford figo diesel exi option,ford
maruti suzuki swift dzire vxi 1.2 bs iv,maruti
chevrolet beat lt diesel,chevrolet
bmw 7 series 740li sedan,bmw
mahindra xuv500 w8 awd 2013,mahindra
hyundai i10 magna 1.2,hyundai
hyundai verna fluidic new,hyundai
maruti suzuki swift vxi 1.2 bs iv,maruti
maruti suzuki ertiga zxi plus,maruti
ford ecosport titanium 1.5l tdci,ford
maruti suzuki ertiga vxi,maruti
maruti suzuki ertiga vdi,maruti
maruti suzuki alto lxi bs iii,maruti
hyundai grand i10 asta 1.1 crdi,hyundai
honda amaze 1.2 s i vtec,honda
hyundai i20 asta 1.4 crdi 6 speed,hyundai
ford figo diesel exi,ford
maruti suzuki eeco 5 str with ac htr,maruti
maruti suzuki ertiga zxi,maruti
maruti suzuki esteem lxi bs iii,maruti
maruti suzuki ritz vxi,maruti
maruti suzuki dzire,maruti
maruti suzuki ritz ldi,maruti
maruti suzuki dzire vdi,maruti
toyota etios liva g,toyota
hyundai i20 sportz 1.4 crdi,hyundai
chevrolet spark,chevrolet
maruti suzuki alto k10 vxi amt,maruti
nissan micra xv,nissan
maruti suzuki swift,maruti
maruti suzuki alto 800,maruti
honda amaze 1.5 s i dtec,honda
maruti suzuki alto 800 vxi,maruti
chevrolet beat,chevrolet
honda city 1.5 v mt,honda
ford ecosport trend 1.5l tdci,ford
hyundai i20 asta 1.2,hyundai
maruti suzuki swift dzire vxi 1.2 bs iv,maruti
tata indica v2 els,tata
hindustan motors ambassador,hindustan
toyota corolla altis 1.8 gl,toyota
toyota corolla altis 1.8 j,toyota
toyota innova 2.5 gx bs iv 7 str,toyota
volkswagen jetta highline tdi at,volkswagen
volkswagen polo comfortline 1.2l p,volkswagen
volkswagen polo,volkswagen
mahindra scorpio,mahindra
nissan sunny,nissan
hyundai elite i20,hyundai
renault kwid,renault
renault duster,renault
renault duster,renault
mahindra scorpio vlx airbag,mahindra
maruti suzuki alto 800 lxi,maruti
chevrolet spark lt 1.0,chevrolet
datsun redi go t o,datsun
maruti suzuki swift rs vdi,maruti
fiat punto emotion 1.2,fiat
maruti suzuki swift rs vdi,maruti
toyota etios gd,toyota
hyundai i20 sportz 1.4 crdi,hyundai
hyundai i10 sportz 1.2,hyundai
chevrolet beat lt opt diesel,chevrolet
chevrolet beat ls diesel,chevrolet
chevrolet beat lt diesel,chevrolet
tata indigo cs,tata
toyota corolla altis 1.8 j,toyota
honda city 1.5 v mt,honda
maruti suzuki swift vdi,maruti
hyundai eon era plus,hyundai
mahindra scorpio s10,mahindra
mahindra xuv500,mahindra
ford fiesta,ford
honda city,honda
maruti suzuki wagon r,maruti
honda city,honda
hyundai i20,hyundai
tata indigo ecs lx tdi bs iii,tata
hyundai fluidic verna 1.6 crdi sx,hyundai
mahindra quanto c8,mahindra
fiat petra elx 1.2 ps,fiat
hyundai santro xing xs,hyundai
maruti suzuki ciaz vxi plus,maruti
maruti suzuki zen vx,maruti
hyundai creta 1.6 sx plus petrol,hyundai
mahindra scorpio slx,mahindra
mahindra scorpio sle bs iv,mahindra
toyota innova 2.5 g bs iii 8 str,toyota
maruti suzuki alto k10 vxi amt,maruti
maruti suzuki wagon r lxi bs iv,maruti
tata nano cx bsiv,tata
maruti suzuki alto std bs iv,maruti
maruti suzuki wagon r lxi bs iii,maruti
maruti suzuki swift vxi bsiii,maruti
tata sumo victa ex 10 by 7 str bsiii,tata
maruti suzuki wagon r lxi bs iii,maruti
maruti suzuki alto lxi bs iii,maruti
volkswagen passat diesel comfortline at,volkswagen
renault scala rxl diesel travelogue,renault
hyundai grand i10 sportz o 1.2 kappa vtvt,hyundai
hyundai i20 active 1.2 sx,hyundai
mahindra xylo e4,mahindra
mahindra jeep mm 550 xdb,mahindra
mahindra bolero sle bs iv,mahindra
force motors force one lx abs 7 str,force
maruti suzuki sx4,maruti
mahindra jeep cl550 mdi,mahindra
maruti suzuki alto 800,maruti
mahindra jeep cl550 mdi,mahindra
toyota etios,toyota
volkswagen polo,volkswagen
honda city zx vtec,honda
maruti suzuki wagon r lx bs iii,maruti
honda city vx o mt diesel,honda
mahindra thar crde 4x4 ac,mahindra
audi a4 1.8 tfsi multitronic premium plus,audi
mercedes benz gla class 200 cdi sport,mercedes
renault kwid rxt,renault
tata aria pleasure 4x2,tata
mercedes benz b class b180 sports,mercedes
datsun go t o,datsun
tata indigo ecs lx tdi bs iii,tata
honda jazz vx mt,honda
honda amaze 1.2 s i vtec,honda
honda city,honda
honda city,honda
mahindra scorpio s4,mahindra
hyundai i20 active 1.4l sx o,hyundai
mini cooper s,mini
maruti suzuki ciaz zxi plus,maruti
chevrolet tavera neo,chevrolet
hyundai eon sportz,hyundai
tata sumo gold select variant,tata
maruti suzuki wagon r 1.0,maruti
maruti suzuki esteem vxi bs iii,maruti
maruti suzuki eeco 5 str with ac htr,maruti
chevrolet enjoy 1.4 ls 8 str,chevrolet
maruti suzuki wagon r 1.0 vxi,maruti
nissan terrano xl d plus,nissan
renault duster 85 ps rxe diesel,renault
renault duster 85 ps rxl diesel,renault
maruti suzuki dzire zxi,maruti
renault kwid rxt opt,renault
maruti suzuki maruti 800 std,maruti
renault kwid 1.0 rxt amt,renault
renault scala rxl diesel,renault
hyundai grand i10 asta 1.2 kappa vtvt o,hyundai
maruti suzuki swift dzire vxi 1.2 bs iv,maruti
chevrolet beat ls petrol,chevrolet
hyundai santro xing xo erlx euro iii,hyundai
chevrolet beat ls petrol,chevrolet
chevrolet beat ls petrol,chevrolet
ford ecosport titanium 1.5l tdci,ford
hyundai accent glx,hyundai
mahindra tuv300 t4 plus,mahindra
tata indica v2 xeta e gle,tata
tata indigo cs ls dicor,tata
maruti suzuki swift vxi 1.2 abs bs iv,maruti
mahindra scorpio vlx special edition bs iii,mahindra
honda accord,honda
ford ecosport titanium 1.5 tdci,ford
maruti suzuki ertiga,maruti
honda amaze,honda
maruti suzuki dzire,maruti
honda city,honda
mahindra scorpio 2.6 crde,mahindra
maruti suzuki dzire,maruti
honda city,honda
honda mobilio,honda
toyota corolla altis,toyota
honda city,honda
skoda laura,skoda
renault duster,renault
maruti suzuki ertiga,maruti
maruti suzuki dzire,maruti
mahindra xuv500,mahindra
hyundai verna fluidic,hyundai
maruti suzuki vitara brezza,maruti
maruti suzuki wagon r,maruti
mahindra scorpio,mahindra
honda amaze,honda
mahindra xuv500,mahindra
mahindra scorpio,mahindra
skoda laura,skoda
volkswagen polo,volkswagen
hyundai elite i20,hyundai
tata manza aura quadrajet,tata
chevrolet sail uva petrol lt abs,chevrolet
hyundai verna fluidic 1.6 vtvt sx,hyundai
audi a4 2.0 tdi 177bhp premium,audi
hyundai elantra sx,hyundai
mahindra scorpio vlx 4wd airbag,mahindra
mahindra kuv100 k8 d 6 str,mahindra
hyundai grand i10,hyundai
hyundai i20,hyundai
hyundai eon,hyundai
hyundai i10,hyundai
hyundai i20 active,hyundai
datsun redi go,datsun
toyota etios liva,toyota
hyundai accent,hyundai
hyundai verna,hyundai
maruti suzuki swift,maruti
toyota fortuner,toyota
hyundai i10 sportz,hyundai
mahindra bolero power plus sle,mahindra
mahindra xuv500,mahindra
honda city 1.5 v mt exclusive,honda
chevrolet spark lt 1.0 airbag,chevrolet
mahindra xuv500,mahindra
tata indigo ecs vx cr4 bs iv,tata
skoda rapid elegance 1.6 tdi cr mt,skoda
tata vista quadrajet vx,tata
maruti suzuki alto k10 vxi at,maruti
maruti suzuki zen lxi bs iii,maruti
hyundai i10 magna 1.2,hyundai
maruti suzuki swift dzire tour ldi,maruti
honda city zx exi,honda
mahindra jeep mm 550 xdb,mahindra
chevrolet beat diesel,chevrolet
honda city 1.5 s mt,honda
hyundai verna 1.4 vtvt,hyundai
toyota innova 2.5 e ms 7 str bs iv,toyota
maruti suzuki swift,maruti
hyundai elite i20 asta 1.4 crdi,hyundai
maruti suzuki swift dzire vxi 1.2 bs iv,maruti
maruti suzuki versa dx2 8 seater bsiii,maruti
tata indigo lx tdi bs iii,tata
volkswagen vento konekt diesel highline,volkswagen
mercedes benz c class 200 cdi classic,mercedes
maruti suzuki ertiga vdi,maruti
honda city,honda
hyundai santro xing gls,hyundai
maruti suzuki omni limited edition,maruti
hyundai sonata transform 2.4 gdi mt,hyundai
hyundai elite i20 sportz 1.2,hyundai
maruti suzuki alto 800 lxi,maruti
maruti suzuki alto lxi bs iii,maruti
honda jazz s mt,honda
hyundai grand i10 sportz 1.2 kappa vtvt,hyundai
maruti suzuki zen lxi bsii,maruti
mahindra scorpio w turbo 2.6dx 9 seater,mahindra
maruti suzuki alto k10 vxi,maruti
hyundai grand i10 asta 1.2 kappa vtvt,hyundai
mahindra xuv500 w8,mahindra
hyundai creta 1.6 sx plus petrol,hyundai
hyundai i20 magna o 1.2,hyundai
renault duster 85 ps rxl explore le,renault
hyundai grand i10 sportz 1.2 kappa vtvt,hyundai
honda brio v mt,honda
mahindra tuv300 t4 plus,mahindra
chevrolet spark ls 1.0,chevrolet
mahindra tuv300 t8,mahindra
maruti suzuki swift dzire tour ldi,maruti
nissan x trail select variant,nissan
maruti suzuki alto 800 vxi,maruti
ford ikon 1.3 clxi nxt finesse,ford
toyota fortuner 3.0 4x4 mt,toyota
tata manza elan quadrajet,tata
mercedes benz a class a 180 sport petrol,mercedes
chevrolet beat ls diesel,chevrolet
ford ecosport trend 1.5l tdci,ford
tata indigo ls,tata
hyundai i20 magna 1.2,hyundai
volkswagen vento highline plus 1.5 diesel at,volkswagen
renault kwid rxt,renault
ford ecosport titanium 1.5l tdci,ford
honda amaze 1.5 e i dtec,honda
hyundai verna 1.6 ex vtvt,hyundai
bmw 5 series 520d sedan,bmw
skoda superb 1.8 tfsi at,skoda
audi q3 2.0 tdi quattro premium,audi
mahindra bolero di bsii,mahindra
ford figo duratorq diesel titanium 1.4,ford
maruti suzuki wagon r vxi bs iv,maruti
mahindra logan diesel 1.5 dls,mahindra
tata nano genx xma,tata
mahindra tuv300 t4 plus,mahindra
hyundai elite i20 magna 1.2,hyundai
hyundai elite i20 magna 1.2,hyundai
honda city sv,honda
maruti suzuki baleno delta 1.2,maruti
ford figo petrol lxi,ford
honda city,honda
hyundai elite i20 magna 1.2,hyundai
maruti suzuki versa dx2 8 seater bsiii,maruti
hyundai eon era plus,hyundai
mitsubishi pajero sport limited edition,mitsubishi
hyundai i10 magna 1.2 kappa2,hyundai
toyota corolla h2,toyota
maruti suzuki swift dzire tour vxi,maruti
tata indigo cs els bs iv,tata
hyundai xcent base 1.1 crdi,hyundai
hyundai accent executive edition,hyundai
maruti suzuki baleno delta 1.2,maruti
tata zest xe 75 ps diesel,tata
maruti suzuki dzire ldi,maruti
tata sumo gold lx bs iv,tata
toyota corolla altis gl petrol,toyota
maruti suzuki eeco 7 str,maruti
toyota fortuner 3.0 4x2 mt,toyota
mahindra xuv500 w6,mahindra
tata tigor revotron xz,tata
maruti suzuki 800,maruti
maruti suzuki ertiga vxi,maruti
honda mobilio s i dtec,honda
maruti suzuki ertiga,maruti
maruti suzuki vitara brezza,maruti
hyundai verna 1.6 crdi e,hyundai
maruti suzuki swift vxi bsiii,maruti
maruti suzuki omni select variant,maruti
honda amaze,honda
tata indica,tata
hyundai santro xing,hyundai
maruti suzuki zen estilo,maruti
maruti suzuki wagon r lxi bs iv,maruti
maruti suzuki wagon r,maruti
honda brio vx at,honda
maruti suzuki zen lxi bsii,maruti
maruti suzuki zen estilo lxi green cng,maruti
maruti suzuki wagon r select variant,maruti
maruti suzuki alto lxi bs iii,maruti
renault kwid rxt,renault
tata nano lx bsiv,tata
jaguar xe xe portfolio,jaguar
hyundai eon magna plus,hyundai
honda city 1.5 s mt,honda
hindustan motors ambassador,hindustan
maruti suzuki ritz genus vxi,maruti
hyundai grand i10 magna at 1.2 kappa vtvt,hyundai
hyundai eon d lite plus,hyundai
maruti suzuki swift dzire vxi 1.2 bs iv,maruti
maruti suzuki wagon r vxi bs iv,maruti
honda amaze 1.2 vx i vtec,honda
maruti suzuki estilo vxi abs bs iv,maruti
maruti suzuki vitara brezza ldi o,maruti
maruti suzuki eeco 5 str with ac htr,maruti
hyundai creta 1.6 sx plus petrol at,hyundai
mahindra scorpio vlx bsiv,mahindra
maruti suzuki ertiga vdi,maruti
mitsubishi lancer 1.8 lxi,mitsubishi
maruti suzuki maruti 800 ac,maruti
maruti suzuki alto 800 lxi cng o,maruti
hyundai grand i10 magna 1.2 kappa vtvt,hyundai
hyundai eon d lite plus,hyundai
ford fiesta sxi 1.6 abs,ford
maruti suzuki ritz vdi,maruti
hyundai verna fluidic new,hyundai
maruti suzuki wagon r lxi bs iii,maruti
maruti suzuki estilo lx bs iv,maruti
audi a6 2.0 tdi premium,audi
maruti suzuki wagon r lxi bs iii,maruti
maruti suzuki wagon r,maruti
maruti suzuki wagon r,maruti
maruti suzuki alto,maruti
maruti suzuki baleno sigma 1.2,maruti
hyundai verna 1.6 sx vtvt at,hyundai
maruti suzuki swift glam,maruti
hyundai getz prime 1.3 gvs,hyundai
hyundai santro,hyundai
hyundai getz prime 1.3 glx,hyundai
chevrolet beat ps diesel,chevrolet
ford ecosport trend 1.5 ti vct,ford
maruti suzuki dzire zxi,maruti
hyundai fluidic verna 1.6 crdi sx,hyundai
tata indica v2 dlg,tata
bmw x1 xdrive20d xline,bmw
hyundai i20 asta 1.2,hyundai
honda city 1.5 v at,honda
tata nano,tata
chevrolet cruze ltz at,chevrolet
hyundai verna fluidic new,hyundai
maruti suzuki swift dzire vdi,maruti
mahindra xuv500 w6,mahindra
mahindra xuv500 w10,mahindra
maruti suzuki alto k10 lxi cng,maruti
hyundai accent gle,hyundai
force motors one suv,force
maruti suzuki alto,maruti
chevrolet spark 1.0 lt,chevrolet
hyundai i10,hyundai
toyota etios liva gd,toyota
renault duster 85ps diesel rxl optional with nav,renault
chevrolet enjoy,chevrolet
maruti suzuki alto 800 lxi,maruti
bmw 5 series 530i,bmw
toyota etios liva g,toyota
mahindra jeep mm 550 xdb,mahindra
chevrolet beat ls diesel,chevrolet
chevrolet cruze ltz,chevrolet
jeep wrangler unlimited 4x4 diesel,jeep
maruti suzuki ertiga vdi,maruti
hyundai verna vgt crdi sx abs,hyundai
maruti suzuki omni,maruti
maruti suzuki celerio vdi,maruti
tata zest quadrajet 1.3,tata
mahindra xuv500 w6,mahindra
tata indigo cs elx bs iv,tata
hyundai i10 era,hyundai
tata indigo ecs lx tdi bs iii,tata
tata indigo lx tdi bs iii,tata
tata indigo ecs lx cr4 bs iv,tata
tata indigo marina ls,tata
hyundai xcent sx 1.2,hyundai
hyundai eon magna plus,hyundai
renault duster 85 ps rxl diesel,renault
maruti suzuki alto k10 lxi cng,maruti
tata nano lx special edition,tata
renault duster 110 ps rxz diesel,renault
maruti suzuki wagon r ax bsiv,maruti
maruti suzuki swift,maruti
maruti suzuki ertiga,maruti
maruti suzuki swift vxi 1.2 abs bs iv,maruti
maruti suzuki alto k10 new,maruti
hyundai i20 magna,hyundai
hyundai i10 magna 1.2,hyundai
tata zest xe 75 ps diesel,tata
mahindra xylo e8,mahindra
toyota corolla altis gl petrol,toyota
tata manza aqua quadrajet,tata
renault kwid 1.0,renault
tata venture ex 8 str,tata
maruti suzuki swift dzire tour lxi,maruti
skoda octavia classic 1.9 tdi mt,skoda
maruti suzuki omni lpg bs iv,maruti
chevrolet beat diesel,chevrolet
tata sumo gold ex bs iv,tata
hyundai verna 1.6 crdi sx,hyundai
mahindra scorpio 2.6 crde,mahindra
maruti suzuki zen lxi bs iii,maruti
maruti suzuki swift dzire vxi 1.2 bs iv,maruti
mahindra scorpio slx 2.6 turbo 8 str,mahindra
hyundai grand i10 sportz 1.2 kappa vtvt,hyundai
hyundai elite i20 sportz 1.2,hyundai
ford ikon 1.6 nxt,ford
toyota innova 2.5 v 7 str,toyota
nissan sunny xl,nissan
chevrolet beat lt diesel,chevrolet
maruti suzuki alto 800 lxi,maruti
maruti suzuki swift vdi bs iv,maruti
maruti suzuki swift,maruti
toyota innova 2.0 g4,toyota
maruti suzuki swift vdi abs,maruti
hyundai elite i20 asta 1.2,hyundai
mahindra xuv500 w10,mahindra
volkswagen polo trendline 1.5l d,volkswagen
toyota etios liva diesel,toyota
mahindra tuv300 t4 plus,mahindra
hyundai elite i20 asta 1.2,hyundai
hyundai santro xing gls,hyundai
maruti suzuki zen lxi bs iii,maruti
maruti suzuki ciaz zxi plus rs,maruti
hyundai eon era plus,hyundai
hyundai elantra 1.8 s,hyundai
maruti suzuki swift vdi,maruti
maruti suzuki zen estilo lxi green cng,maruti
hyundai eon era plus,hyundai
hyundai grand i10 magna 1.2 kappa vtvt,hyundai
hyundai verna fluidic new,hyundai
ford ecosport trend 1.5l ti vct,ford
hyundai i20 magna,hyundai
chevrolet beat diesel,chevrolet
tata indica ev2 ls,tata
jaguar xf 2.2 diesel luxury,jaguar
audi q5 2.0 tdi quattro premium plus,audi
bmw 3 series 320d sedan,bmw
maruti suzuki swift zxi 1.2 bs iv,maruti
bmw x1 sdrive20d,bmw
maruti suzuki s cross sigma 1.3,maruti
maruti suzuki ertiga ldi,maruti
maruti suzuki alto k10 vxi amt,maruti
honda city sv,honda
volkswagen vento comfortline petrol,volkswagen
honda city 1.5 exi new,honda
audi a4 2.0 tdi 177bhp premium,audi
mahindra kuv100,mahindra
tata zest xe 75 ps diesel,tata
mahindra xuv500 w8,mahindra
maruti suzuki swift dzire tour vdi,maruti
tata sumo gold lx bs iv,tata
maruti suzuki swift dzire vxi 1.2 bs iv,maruti
mahindra scorpio 2.6 slx,mahindra
maruti suzuki omni 8 str bs iii,maruti
mitsubishi pajero sport limited edition,mitsubishi
renault duster,renault
volkswagen jetta comfortline 1.9 tdi at,volkswagen
maruti suzuki ertiga vxi,maruti
audi a4 2.0 tdi 177bhp premium,audi
volvo s80 summum d4,volvo
toyota corolla altis vl at petrol,toyota
mitsubishi pajero sport 2.5 at,mitsubishi
chevrolet beat lt petrol,chevrolet
bmw x1,bmw
datsun redi go s,datsun
mercedes benz c class c 220 cdi avantgarde,mercedes
mahindra scorpio slx,mahindra
volkswagen vento comfortline diesel,volkswagen
tata indigo cs gls,tata
ford figo petrol titanium,ford
honda city zx gxi,honda
maruti suzuki wagon r duo lxi,maruti
ford ecosport trend 1.5l tdci,ford
maruti suzuki swift dzire vdi,maruti
maruti suzuki omni 8 str bs iii,maruti
maruti suzuki zen lx bsii,maruti
renault duster rxl petrol,renault
maruti suzuki swift vxi 1.2 bs iv,maruti
maruti suzuki baleno zeta 1.2,maruti
honda wr v s mt petrol,honda
tata indigo cs elx bs iv,tata
renault duster 110 ps rxl diesel,renault
mahindra scorpio lx bs iii,mahindra
maruti suzuki zen lxi bs iii,maruti
maruti suzuki wagon r lxi bs iii,maruti
maruti suzuki sx4 celebration diesel,maruti
audi a3 cabriolet 40 tfsi,audi
hyundai eon d lite plus,hyundai
maruti suzuki zen estilo lxi green cng,maruti
mahindra scorpio slx,mahindra
hyundai santro ae gls audio,hyundai
maruti suzuki swift dzire tour vdi,maruti
mahindra xylo d2 bs iv,mahindra
hyundai santro,hyundai
chevrolet beat lt diesel,chevrolet
maruti suzuki swift dzire vdi,maruti
mahindra xuv500 w8,mahindra
toyota fortuner 3.0 4x4 mt,toyota
maruti suzuki alto k10 vxi,maruti
hyundai getz gle,hyundai
maruti suzuki swift dzire tour ldi,maruti
hyundai creta 1.6 sx,hyundai
hyundai santro xing xl at erlx euro iii,hyundai
hyundai santro xing xl erlx euro iii,hyundai
mahindra xylo d2 bs iv,mahindra
hyundai santro xing xl erlx euro iii,hyundai
tata indica v2 dls bs iii,tata
hyundai i10 sportz 1.2,hyundai
hyundai grand i10 magna 1.2 kappa vtvt,hyundai
hyundai santro xing xl at erlx euro iii,hyundai
honda city 1.5 e mt,honda
nissan micra xl,nissan
honda city 1.5 s inspire,honda
maruti suzuki alto 800 lxi,maruti
maruti suzuki wagon r lx bs iii,maruti
maruti suzuki ertiga vdi,maruti
tata indica ev2 exeta eglx,tata
maruti suzuki omni e 8 str bs iv,maruti
hyundai eon era plus,hyundai
hyundai eon,hyundai
maruti suzuki swift ldi,maruti
hyundai verna 1.6 crdi sx plus at,hyundai
chevrolet tavera ls b3 10 seats bsii,chevrolet
tata tiago revotron xm,tata
tata tiago revotorq xz,tata
maruti suzuki zen lxi bs iii,maruti
mahindra kuv100 k8 d 6 str,mahindra
ford ecosport titanium 1.5 tdci,ford
ford fusion 1.4 tdci diesel,ford
hyundai santro xing xl at erlx euro iii,hyundai
hyundai santro,hyundai
fiat linea emotion 1.4 l t jet petrol,fiat
ford ikon 1.3 flair josh 100,ford
maruti suzuki omni e 8 str bs iv,maruti
tata indica v2 ls,tata
mahindra scorpio s4,mahindra
hyundai santro xing xl erlx euro iii,hyundai
mahindra xylo d2,mahindra
hyundai grand i10 asta 1.2 kappa vtvt,hyundai
maruti suzuki alto 800 lxi,maruti
toyota corolla,toyota
hyundai eon magna,hyundai
tata sumo grande mkii gx,tata
maruti suzuki swift vdi,maruti
volkswagen polo highline1.2l p,volkswagen
maruti suzuki alto 800 lx,maruti
tata tiago revotron xz,tata
maruti suzuki swift ldi,maruti
maruti suzuki swift vdi,maruti
tata indigo ecs,tata
chevrolet beat ls diesel,chevrolet
mahindra xylo e8 bs iv,mahindra
hyundai eon d lite plus,hyundai
tata sumo gold fx bsiii,tata
tata nano,tata
hyundai elite i20,hyundai
hyundai i10 magna 1.2 kappa2,hyundai
hyundai creta,hyundai
volkswagen polo,volkswagen
maruti suzuki dzire,maruti
tata bolt xm petrol,tata
maruti suzuki alto 800 lx,maruti
maruti suzuki alto,maruti
maruti suzuki ritz,maruti
maruti suzuki alto 800 lxi,maruti
maruti suzuki dzire,maruti
hyundai i20 asta,hyundai
maruti suzuki swift select variant,maruti
tata indica v2 dlx bs iii,tata
mahindra scorpio vlx 2.2 mhawk airbag bsiv,mahindra
toyota innova 2.5 e 8 str,toyota
mahindra xylo e8,mahindra
hyundai i20 magna 1.2,hyundai
maruti suzuki omni,maruti
mahindra kuv100,mahindra
mahindra kuv100 k8 6 str,mahindra
datsun go plus,datsun
ford endeavor 4x4 thunder plus,ford
tata indica v2,tata
hyundai santro xing gl,hyundai
maruti suzuki wagon r 1.0 vxi,maruti
maruti suzuki swift select variant,maruti
maruti suzuki alto 800 lx,maruti
toyota innova 2.5 z diesel 7 seater,toyota
maruti suzuki alto 800,maruti
maruti suzuki alto ax,maruti
volkswagen polo highline1.2l p,volkswagen
mahindra logan,mahindra
maruti suzuki 800 std bs iii,maruti
mahindra scorpio,mahindra
chevrolet sail 1.2 ls,chevrolet
hyundai santro ae gls audio,hyundai
maruti suzuki wagon r vxi minor,maruti
hyundai eon,hyundai
tata manza,tata
toyota etios g,toyota
toyota qualis,toyota
hyundai santro xing,hyundai
tata indica ev2 ls,tata
honda city 1.5 s mt,honda
tata zest xe 75 ps diesel,tata
mahindra quanto c4,mahindra
tata indigo ecs lx cr4 bs iv,tata
maruti suzuki swift dzire,maruti
hyundai elite i20,hyundai
hyundai i20 select variant,hyundai
chevrolet tavera neo,chevrolet
maruti suzuki dzire,maruti
hyundai elite i20,hyundai
honda city vx petrol,honda
maruti suzuki dzire,maruti
hyundai getz,hyundai
mercedes benz c class 200 k mt,mercedes
maruti suzuki alto lxi bs iii,maruti
skoda fabia,skoda
maruti suzuki ritz vxi abs,maruti
tata indica v2 dle bs iii,tata
toyota corolla altis,toyota
tata zest xm diesel,tata
mahindra quanto c8,mahindra
